District,Month,Crop,Rainfall,Crop price,Demand(Tons),year
Chennai,january,Rice,23.939999999999998,56.788844,"79,795.07",2021
Chennai,february,Rice,20.87568,58.74708,"79,795.07",2021
Chennai,march,Rice,23.07816,57.767962,"79,795.07",2021
Chennai,april,Rice,25.3764,57.767962,"79,795.07",2021
Chennai,may,Rice,26.333999999999996,59.726198,"79,795.07",2021
Chennai,june,Rice,25.8552,59.726198,"79,795.07",2021
Chennai,july,Rice,24.897599999999997,61.684434,"79,795.07",2021
Chennai,august,Rice,24.32304,61.684434,"79,795.07",2021
Chennai,september,Rice,24.035760000000003,60.705316,"79,795.07",2021
Chennai,october,Rice,23.36544,61.684434,"79,795.07",2021
Chennai,november,Rice,22.0248,60.705316,"79,795.07",2021
Chennai,december,Rice,20.5884,61.684434,"79,795.07",2021
Chennai,january,wheat,23.939999999999998,32.310894,"15,180.52",2021
Chennai,february,wheat,20.87568,32.310894,"15,180.52",2021
Chennai,march,wheat,23.07816,32.310894,"15,180.52",2021
Chennai,april,wheat,25.3764,32.310894,"15,180.52",2021
Chennai,may,wheat,26.333999999999996,32.310894,"15,180.52",2021
Chennai,june,wheat,25.8552,32.310894,"15,180.52",2021
Chennai,july,wheat,24.897599999999997,32.310894,"15,180.52",2021
Chennai,august,wheat,24.32304,32.310894,"15,180.52",2021
Chennai,september,wheat,24.035760000000003,42.102074,"15,180.52",2021
Chennai,october,wheat,23.36544,32.310894,"15,180.52",2021
Chennai,november,wheat,22.0248,32.310894,"15,180.52",2021
Chennai,december,wheat,20.5884,32.310894,"15,180.52",2021
Chennai,january,tomato,23.939999999999998,22.519713999999997,"15,180.52",2021
Chennai,february,tomato,20.87568,33.290012,"15,180.52",2021
Chennai,march,tomato,23.07816,21.540596,"15,180.52",2021
Chennai,april,tomato,25.3764,26.436186,"15,180.52",2021
Chennai,may,tomato,26.333999999999996,32.310894,"15,180.52",2021
Chennai,june,tomato,25.8552,53.85149,"15,180.52",2021
Chennai,july,tomato,24.897599999999997,171.34565,"15,180.52",2021
Chennai,august,tomato,24.32304,122.38975,"15,180.52",2021
Chennai,september,tomato,24.035760000000003,22.519713999999997,"15,180.52",2021
Chennai,october,tomato,23.36544,26.436186,"15,180.52",2021
Chennai,november,tomato,22.0248,50.914136,"15,180.52",2021
Chennai,december,tomato,20.5884,32.310894,"15,180.52",2021
Chennai,january,onion,23.939999999999998,22.519713999999997,"12,650.45",2021
Chennai,february,onion,20.87568,26.436186,"12,650.45",2021
Chennai,march,onion,23.07816,22.519713999999997,"12,650.45",2021
Chennai,april,onion,25.3764,16.645006,"12,650.45",2021
Chennai,may,onion,26.333999999999996,16.645006,"12,650.45",2021
Chennai,june,onion,25.8552,22.519713999999997,"12,650.45",2021
Chennai,july,onion,24.897599999999997,26.436186,"12,650.45",2021
Chennai,august,onion,24.32304,32.310894,"12,650.45",2021
Chennai,september,onion,24.035760000000003,36.227366,"12,650.45",2021
Chennai,october,onion,23.36544,42.102074,"12,650.45",2021
Chennai,november,onion,22.0248,63.64267,"12,650.45",2021
Chennai,december,onion,20.5884,102.80739,"12,650.45",2021
Chennai,january,carrot,23.939999999999998,46.018546,"5,060.19",2021
Chennai,february,carrot,20.87568,46.018546,"5,060.19",2021
Chennai,march,carrot,23.07816,46.018546,"5,060.19",2021
Chennai,april,carrot,25.3764,46.018546,"5,060.19",2021
Chennai,may,carrot,26.333999999999996,46.018546,"5,060.19",2021
Chennai,june,carrot,25.8552,46.018546,"5,060.19",2021
Chennai,july,carrot,24.897599999999997,46.018546,"5,060.19",2021
Chennai,august,carrot,24.32304,46.018546,"5,060.19",2021
Chennai,september,carrot,24.035760000000003,46.018546,"5,060.19",2021
Chennai,october,carrot,23.36544,46.018546,"5,060.19",2021
Chennai,november,carrot,22.0248,46.018546,"5,060.19",2021
Chennai,december,carrot,20.5884,46.018546,"5,060.19",2021
Chennai,january,potato,23.939999999999998,32.310894,"21,505.73",2021
Chennai,february,potato,20.87568,32.310894,"21,505.73",2021
Chennai,march,potato,23.07816,19.582359999999998,"21,505.73",2021
Chennai,april,potato,25.3764,22.519713999999997,"21,505.73",2021
Chennai,may,potato,26.333999999999996,22.519713999999997,"21,505.73",2021
Chennai,june,potato,25.8552,26.436186,"21,505.73",2021
Chennai,july,potato,24.897599999999997,26.436186,"21,505.73",2021
Chennai,august,potato,24.32304,26.436186,"21,505.73",2021
Chennai,september,potato,24.035760000000003,28.394422,"21,505.73",2021
Chennai,october,potato,23.36544,32.310894,"21,505.73",2021
Chennai,november,potato,22.0248,32.310894,"21,505.73",2021
Chennai,december,potato,20.5884,32.310894,"21,505.73",2021
Chennai,january,corriander,23.939999999999998,22.519713999999997,"1,897.56",2021
Chennai,february,corriander,20.87568,22.519713999999997,"1,897.56",2021
Chennai,march,corriander,23.07816,22.519713999999997,"1,897.56",2021
Chennai,april,corriander,25.3764,22.519713999999997,"1,897.56",2021
Chennai,may,corriander,26.333999999999996,22.519713999999997,"1,897.56",2021
Chennai,june,corriander,25.8552,22.519713999999997,"1,897.56",2021
Chennai,july,corriander,24.897599999999997,22.519713999999997,"1,897.56",2021
Chennai,august,corriander,24.32304,22.519713999999997,"1,897.56",2021
Chennai,september,corriander,24.035760000000003,22.519713999999997,"1,897.56",2021
Chennai,october,corriander,23.36544,22.519713999999997,"1,897.56",2021
Chennai,november,corriander,22.0248,22.519713999999997,"1,897.56",2021
Chennai,december,corriander,20.5884,22.519713999999997,"1,897.56",2021
Chennai,january,banana,23.939999999999998,32.310894,"15,180.52",2021
Chennai,february,banana,20.87568,32.310894,"15,180.52",2021
Chennai,march,banana,23.07816,32.310894,"15,180.52",2021
Chennai,april,banana,25.3764,32.310894,"15,180.52",2021
Chennai,may,banana,26.333999999999996,32.310894,"15,180.52",2021
Chennai,june,banana,25.8552,32.310894,"15,180.52",2021
Chennai,july,banana,24.897599999999997,32.310894,"15,180.52",2021
Chennai,august,banana,24.32304,32.310894,"15,180.52",2021
Chennai,september,banana,24.035760000000003,32.310894,"15,180.52",2021
Chennai,october,banana,23.36544,18.603242,"15,180.52",2021
Chennai,november,banana,22.0248,29.37354,"15,180.52",2021
Chennai,december,banana,20.5884,28.394422,"15,180.52",2021
Chennai,january,groundnut,23.939999999999998,62.23274007999999,"3,162.61",2021
Chennai,february,groundnut,20.87568,62.23274007999999,"3,162.61",2021
Chennai,march,groundnut,23.07816,62.23274007999999,"3,162.61",2021
Chennai,april,groundnut,25.3764,66.090465,"3,162.61",2021
Chennai,may,groundnut,26.333999999999996,66.090465,"3,162.61",2021
Chennai,june,groundnut,25.8552,66.090465,"3,162.61",2021
Chennai,july,groundnut,24.897599999999997,66.090465,"3,162.61",2021
Chennai,august,groundnut,24.32304,66.090465,"3,162.61",2021
Chennai,september,groundnut,24.035760000000003,66.090465,"3,162.61",2021
Chennai,october,groundnut,23.36544,66.090465,"3,162.61",2021
Chennai,november,groundnut,22.0248,66.090465,"3,162.61",2021
Chennai,december,groundnut,20.5884,62.23274007999999,"3,162.61",2021
Chennai,january,sugarcane,23.939999999999998,25.946627,"28,463.48",2021
Chennai,february,sugarcane,20.87568,25.946627,"28,463.48",2021
Chennai,march,sugarcane,23.07816,25.946627,"28,463.48",2021
Chennai,april,sugarcane,25.3764,25.946627,"28,463.48",2021
Chennai,may,sugarcane,26.333999999999996,25.946627,"28,463.48",2021
Chennai,june,sugarcane,25.8552,25.946627,"28,463.48",2021
Chennai,july,sugarcane,24.897599999999997,25.946627,"28,463.48",2021
Chennai,august,sugarcane,24.32304,25.946627,"28,463.48",2021
Chennai,september,sugarcane,24.035760000000003,25.946627,"28,463.48",2021
Chennai,october,sugarcane,23.36544,25.946627,"28,463.48",2021
Chennai,november,sugarcane,22.0248,25.946627,"28,463.48",2021
Chennai,december,sugarcane,20.5884,25.946627,"28,463.48",2021
Chennai,january,coconut,23.939999999999998,17.624124,"61,670.88",2021
Chennai,february,coconut,20.87568,17.624124,"61,670.88",2021
Chennai,march,coconut,23.07816,17.624124,"61,670.88",2021
Chennai,april,coconut,25.3764,17.624124,"61,670.88",2021
Chennai,may,coconut,26.333999999999996,17.624124,"61,670.88",2021
Chennai,june,coconut,25.8552,17.624124,"61,670.88",2021
Chennai,july,coconut,24.897599999999997,17.624124,"61,670.88",2021
Chennai,august,coconut,24.32304,17.624124,"61,670.88",2021
Chennai,september,coconut,24.035760000000003,17.624124,"61,670.88",2021
Chennai,october,coconut,23.36544,17.624124,"61,670.88",2021
Chennai,november,coconut,22.0248,17.624124,"61,670.88",2021
Chennai,december,coconut,20.5884,17.624124,"61,670.88",2021
Chennai,january,cotton,23.939999999999998,46.508105,"2,530.07",2021
Chennai,february,cotton,20.87568,46.508105,"2,530.07",2021
Chennai,march,cotton,23.07816,46.508105,"2,530.07",2021
Chennai,april,cotton,25.3764,46.508105,"2,530.07",2021
Chennai,may,cotton,26.333999999999996,46.508105,"2,530.07",2021
Chennai,june,cotton,25.8552,46.508105,"2,530.07",2021
Chennai,july,cotton,24.897599999999997,46.508105,"2,530.07",2021
Chennai,august,cotton,24.32304,46.508105,"2,530.07",2021
Chennai,september,cotton,24.035760000000003,46.508105,"2,530.07",2021
Chennai,october,cotton,23.36544,46.508105,"2,530.07",2021
Chennai,november,cotton,22.0248,46.508105,"2,530.07",2021
Chennai,december,cotton,20.5884,46.508105,"2,530.07",2021
Chennai,january,Rice,24.9375,57.9478,"80,601.08",2022
Chennai,february,Rice,21.7455,59.946,"80,601.08",2022
Chennai,march,Rice,24.03975,58.9469,"80,601.08",2022
Chennai,april,Rice,26.43375,58.9469,"80,601.08",2022
Chennai,may,Rice,27.43125,60.9451,"80,601.08",2022
Chennai,june,Rice,26.9325,60.9451,"80,601.08",2022
Chennai,july,Rice,25.935,62.9433,"80,601.08",2022
Chennai,august,Rice,25.3365,62.9433,"80,601.08",2022
Chennai,september,Rice,25.037250000000004,61.944199999999995,"80,601.08",2022
Chennai,october,Rice,24.339,62.9433,"80,601.08",2022
Chennai,november,Rice,22.9425,61.944199999999995,"80,601.08",2022
Chennai,december,Rice,21.44625,62.9433,"80,601.08",2022
Chennai,january,wheat,24.9375,32.9703,"15,333.86",2022
Chennai,february,wheat,21.7455,32.9703,"15,333.86",2022
Chennai,march,wheat,24.03975,32.9703,"15,333.86",2022
Chennai,april,wheat,26.43375,32.9703,"15,333.86",2022
Chennai,may,wheat,27.43125,32.9703,"15,333.86",2022
Chennai,june,wheat,26.9325,32.9703,"15,333.86",2022
Chennai,july,wheat,25.935,32.9703,"15,333.86",2022
Chennai,august,wheat,25.3365,32.9703,"15,333.86",2022
Chennai,september,wheat,25.037250000000004,42.9613,"15,333.86",2022
Chennai,october,wheat,24.339,32.9703,"15,333.86",2022
Chennai,november,wheat,22.9425,32.9703,"15,333.86",2022
Chennai,december,wheat,21.44625,32.9703,"15,333.86",2022
Chennai,january,tomato,24.9375,22.979300000000002,"15,333.86",2022
Chennai,february,tomato,21.7455,33.9694,"15,333.86",2022
Chennai,march,tomato,24.03975,21.9802,"15,333.86",2022
Chennai,april,tomato,26.43375,26.9757,"15,333.86",2022
Chennai,may,tomato,27.43125,32.9703,"15,333.86",2022
Chennai,june,tomato,26.9325,54.9505,"15,333.86",2022
Chennai,july,tomato,25.935,174.8425,"15,333.86",2022
Chennai,august,tomato,25.3365,124.8875,"15,333.86",2022
Chennai,september,tomato,25.037250000000004,22.979300000000002,"15,333.86",2022
Chennai,october,tomato,24.339,26.9757,"15,333.86",2022
Chennai,november,tomato,22.9425,51.9532,"15,333.86",2022
Chennai,december,tomato,21.44625,32.9703,"15,333.86",2022
Chennai,january,onion,24.9375,22.979300000000002,"12,778.23",2022
Chennai,february,onion,21.7455,26.9757,"12,778.23",2022
Chennai,march,onion,24.03975,22.979300000000002,"12,778.23",2022
Chennai,april,onion,26.43375,16.9847,"12,778.23",2022
Chennai,may,onion,27.43125,16.9847,"12,778.23",2022
Chennai,june,onion,26.9325,22.979300000000002,"12,778.23",2022
Chennai,july,onion,25.935,26.9757,"12,778.23",2022
Chennai,august,onion,25.3365,32.9703,"12,778.23",2022
Chennai,september,onion,25.037250000000004,36.966699999999996,"12,778.23",2022
Chennai,october,onion,24.339,42.9613,"12,778.23",2022
Chennai,november,onion,22.9425,64.9415,"12,778.23",2022
Chennai,december,onion,21.44625,104.9055,"12,778.23",2022
Chennai,january,carrot,24.9375,46.957699999999996,"5,111.30",2022
Chennai,february,carrot,21.7455,46.957699999999996,"5,111.30",2022
Chennai,march,carrot,24.03975,46.957699999999996,"5,111.30",2022
Chennai,april,carrot,26.43375,46.957699999999996,"5,111.30",2022
Chennai,may,carrot,27.43125,46.957699999999996,"5,111.30",2022
Chennai,june,carrot,26.9325,46.957699999999996,"5,111.30",2022
Chennai,july,carrot,25.935,46.957699999999996,"5,111.30",2022
Chennai,august,carrot,25.3365,46.957699999999996,"5,111.30",2022
Chennai,september,carrot,25.037250000000004,46.957699999999996,"5,111.30",2022
Chennai,october,carrot,24.339,46.957699999999996,"5,111.30",2022
Chennai,november,carrot,22.9425,46.957699999999996,"5,111.30",2022
Chennai,december,carrot,21.44625,46.957699999999996,"5,111.30",2022
Chennai,january,potato,24.9375,32.9703,"21,722.96",2022
Chennai,february,potato,21.7455,32.9703,"21,722.96",2022
Chennai,march,potato,24.03975,19.982,"21,722.96",2022
Chennai,april,potato,26.43375,22.979300000000002,"21,722.96",2022
Chennai,may,potato,27.43125,22.979300000000002,"21,722.96",2022
Chennai,june,potato,26.9325,26.9757,"21,722.96",2022
Chennai,july,potato,25.935,26.9757,"21,722.96",2022
Chennai,august,potato,25.3365,26.9757,"21,722.96",2022
Chennai,september,potato,25.037250000000004,28.9739,"21,722.96",2022
Chennai,october,potato,24.339,32.9703,"21,722.96",2022
Chennai,november,potato,22.9425,32.9703,"21,722.96",2022
Chennai,december,potato,21.44625,32.9703,"21,722.96",2022
Chennai,january,corriander,24.9375,22.979300000000002,"1,916.73",2022
Chennai,february,corriander,21.7455,22.979300000000002,"1,916.73",2022
Chennai,march,corriander,24.03975,22.979300000000002,"1,916.73",2022
Chennai,april,corriander,26.43375,22.979300000000002,"1,916.73",2022
Chennai,may,corriander,27.43125,22.979300000000002,"1,916.73",2022
Chennai,june,corriander,26.9325,22.979300000000002,"1,916.73",2022
Chennai,july,corriander,25.935,22.979300000000002,"1,916.73",2022
Chennai,august,corriander,25.3365,22.979300000000002,"1,916.73",2022
Chennai,september,corriander,25.037250000000004,22.979300000000002,"1,916.73",2022
Chennai,october,corriander,24.339,22.979300000000002,"1,916.73",2022
Chennai,november,corriander,22.9425,22.979300000000002,"1,916.73",2022
Chennai,december,corriander,21.44625,22.979300000000002,"1,916.73",2022
Chennai,january,banana,24.9375,32.9703,"15,333.86",2022
Chennai,february,banana,21.7455,32.9703,"15,333.86",2022
Chennai,march,banana,24.03975,32.9703,"15,333.86",2022
Chennai,april,banana,26.43375,32.9703,"15,333.86",2022
Chennai,may,banana,27.43125,32.9703,"15,333.86",2022
Chennai,june,banana,26.9325,32.9703,"15,333.86",2022
Chennai,july,banana,25.935,32.9703,"15,333.86",2022
Chennai,august,banana,25.3365,32.9703,"15,333.86",2022
Chennai,september,banana,25.037250000000004,32.9703,"15,333.86",2022
Chennai,october,banana,24.339,18.9829,"15,333.86",2022
Chennai,november,banana,22.9425,29.973,"15,333.86",2022
Chennai,december,banana,21.44625,28.9739,"15,333.86",2022
Chennai,january,groundnut,24.9375,63.502796000000004,"3,194.56",2022
Chennai,february,groundnut,21.7455,63.502796000000004,"3,194.56",2022
Chennai,march,groundnut,24.03975,63.502796000000004,"3,194.56",2022
Chennai,april,groundnut,26.43375,67.43925,"3,194.56",2022
Chennai,may,groundnut,27.43125,67.43925,"3,194.56",2022
Chennai,june,groundnut,26.9325,67.43925,"3,194.56",2022
Chennai,july,groundnut,25.935,67.43925,"3,194.56",2022
Chennai,august,groundnut,25.3365,67.43925,"3,194.56",2022
Chennai,september,groundnut,25.037250000000004,67.43925,"3,194.56",2022
Chennai,october,groundnut,24.339,67.43925,"3,194.56",2022
Chennai,november,groundnut,22.9425,67.43925,"3,194.56",2022
Chennai,december,groundnut,21.44625,63.502796000000004,"3,194.56",2022
Chennai,january,sugarcane,24.9375,26.47615,"28,750.99",2022
Chennai,february,sugarcane,21.7455,26.47615,"28,750.99",2022
Chennai,march,sugarcane,24.03975,26.47615,"28,750.99",2022
Chennai,april,sugarcane,26.43375,26.47615,"28,750.99",2022
Chennai,may,sugarcane,27.43125,26.47615,"28,750.99",2022
Chennai,june,sugarcane,26.9325,26.47615,"28,750.99",2022
Chennai,july,sugarcane,25.935,26.47615,"28,750.99",2022
Chennai,august,sugarcane,25.3365,26.47615,"28,750.99",2022
Chennai,september,sugarcane,25.037250000000004,26.47615,"28,750.99",2022
Chennai,october,sugarcane,24.339,26.47615,"28,750.99",2022
Chennai,november,sugarcane,22.9425,26.47615,"28,750.99",2022
Chennai,december,sugarcane,21.44625,26.47615,"28,750.99",2022
Chennai,january,coconut,24.9375,17.9838,"62,293.82",2022
Chennai,february,coconut,21.7455,17.9838,"62,293.82",2022
Chennai,march,coconut,24.03975,17.9838,"62,293.82",2022
Chennai,april,coconut,26.43375,17.9838,"62,293.82",2022
Chennai,may,coconut,27.43125,17.9838,"62,293.82",2022
Chennai,june,coconut,26.9325,17.9838,"62,293.82",2022
Chennai,july,coconut,25.935,17.9838,"62,293.82",2022
Chennai,august,coconut,25.3365,17.9838,"62,293.82",2022
Chennai,september,coconut,25.037250000000004,17.9838,"62,293.82",2022
Chennai,october,coconut,24.339,17.9838,"62,293.82",2022
Chennai,november,coconut,22.9425,17.9838,"62,293.82",2022
Chennai,december,coconut,21.44625,17.9838,"62,293.82",2022
Chennai,january,cotton,24.9375,47.457249999999995,"2,555.63",2022
Chennai,february,cotton,21.7455,47.457249999999995,"2,555.63",2022
Chennai,march,cotton,24.03975,47.457249999999995,"2,555.63",2022
Chennai,april,cotton,26.43375,47.457249999999995,"2,555.63",2022
Chennai,may,cotton,27.43125,47.457249999999995,"2,555.63",2022
Chennai,june,cotton,26.9325,47.457249999999995,"2,555.63",2022
Chennai,july,cotton,25.935,47.457249999999995,"2,555.63",2022
Chennai,august,cotton,25.3365,47.457249999999995,"2,555.63",2022
Chennai,september,cotton,25.037250000000004,47.457249999999995,"2,555.63",2022
Chennai,october,cotton,24.339,47.457249999999995,"2,555.63",2022
Chennai,november,cotton,22.9425,47.457249999999995,"2,555.63",2022
Chennai,december,cotton,21.44625,47.457249999999995,"2,555.63",2022
Chennai,january,Rice,25,58,"80,633.33",2023
Chennai,february,Rice,21.8,60,"80,633.33",2023
Chennai,march,Rice,24.1,59,"80,633.33",2023
Chennai,april,Rice,26.5,59,"80,633.33",2023
Chennai,may,Rice,27.5,61,"80,633.33",2023
Chennai,june,Rice,27,61,"80,633.33",2023
Chennai,july,Rice,26,63,"80,633.33",2023
Chennai,august,Rice,25.4,63,"80,633.33",2023
Chennai,september,Rice,25.1,62,"80,633.33",2023
Chennai,october,Rice,24.4,63,"80,633.33",2023
Chennai,november,Rice,23,62,"80,633.33",2023
Chennai,december,Rice,21.5,63,"80,633.33",2023
Chennai,january,wheat,25,33,"15,340",2023
Chennai,february,wheat,21.8,33,"15,340",2023
Chennai,march,wheat,24.1,33,"15,340",2023
Chennai,april,wheat,26.5,33,"15,340",2023
Chennai,may,wheat,27.5,33,"15,340",2023
Chennai,june,wheat,27,33,"15,340",2023
Chennai,july,wheat,26,33,"15,340",2023
Chennai,august,wheat,25.4,33,"15,340",2023
Chennai,september,wheat,25.1,43,"15,340",2023
Chennai,october,wheat,24.4,33,"15,340",2023
Chennai,november,wheat,23,33,"15,340",2023
Chennai,december,wheat,21.5,33,"15,340",2023
Chennai,january,tomato,25,23,"15,340",2023
Chennai,february,tomato,21.8,34,"15,340",2023
Chennai,march,tomato,24.1,22,"15,340",2023
Chennai,april,tomato,26.5,27,"15,340",2023
Chennai,may,tomato,27.5,33,"15,340",2023
Chennai,june,tomato,27,55,"15,340",2023
Chennai,july,tomato,26,175,"15,340",2023
Chennai,august,tomato,25.4,125,"15,340",2023
Chennai,september,tomato,25.1,23,"15,340",2023
Chennai,october,tomato,24.4,27,"15,340",2023
Chennai,november,tomato,23,52,"15,340",2023
Chennai,december,tomato,21.5,33,"15,340",2023
Chennai,january,onion,25,23,"12,783.34",2023
Chennai,february,onion,21.8,27,"12,783.34",2023
Chennai,march,onion,24.1,23,"12,783.34",2023
Chennai,april,onion,26.5,17,"12,783.34",2023
Chennai,may,onion,27.5,17,"12,783.34",2023
Chennai,june,onion,27,23,"12,783.34",2023
Chennai,july,onion,26,27,"12,783.34",2023
Chennai,august,onion,25.4,33,"12,783.34",2023
Chennai,september,onion,25.1,37,"12,783.34",2023
Chennai,october,onion,24.4,43,"12,783.34",2023
Chennai,november,onion,23,65,"12,783.34",2023
Chennai,december,onion,21.5,105,"12,783.34",2023
Chennai,january,carrot,25,47,"5,113.34",2023
Chennai,february,carrot,21.8,47,"5,113.34",2023
Chennai,march,carrot,24.1,47,"5,113.34",2023
Chennai,april,carrot,26.5,47,"5,113.34",2023
Chennai,may,carrot,27.5,47,"5,113.34",2023
Chennai,june,carrot,27,47,"5,113.34",2023
Chennai,july,carrot,26,47,"5,113.34",2023
Chennai,august,carrot,25.4,47,"5,113.34",2023
Chennai,september,carrot,25.1,47,"5,113.34",2023
Chennai,october,carrot,24.4,47,"5,113.34",2023
Chennai,november,carrot,23,47,"5,113.34",2023
Chennai,december,carrot,21.5,47,"5,113.34",2023
Chennai,january,potato,25,33,"21,731.66",2023
Chennai,february,potato,21.8,33,"21,731.66",2023
Chennai,march,potato,24.1,20,"21,731.66",2023
Chennai,april,potato,26.5,23,"21,731.66",2023
Chennai,may,potato,27.5,23,"21,731.66",2023
Chennai,june,potato,27,27,"21,731.66",2023
Chennai,july,potato,26,27,"21,731.66",2023
Chennai,august,potato,25.4,27,"21,731.66",2023
Chennai,september,potato,25.1,29,"21,731.66",2023
Chennai,october,potato,24.4,33,"21,731.66",2023
Chennai,november,potato,23,33,"21,731.66",2023
Chennai,december,potato,21.5,33,"21,731.66",2023
Chennai,january,corriander,25,23,"1,917.50",2023
Chennai,february,corriander,21.8,23,"1,917.50",2023
Chennai,march,corriander,24.1,23,"1,917.50",2023
Chennai,april,corriander,26.5,23,"1,917.50",2023
Chennai,may,corriander,27.5,23,"1,917.50",2023
Chennai,june,corriander,27,23,"1,917.50",2023
Chennai,july,corriander,26,23,"1,917.50",2023
Chennai,august,corriander,25.4,23,"1,917.50",2023
Chennai,september,corriander,25.1,23,"1,917.50",2023
Chennai,october,corriander,24.4,23,"1,917.50",2023
Chennai,november,corriander,23,23,"1,917.50",2023
Chennai,december,corriander,21.5,23,"1,917.50",2023
Chennai,january,banana,25,33,"15,340",2023
Chennai,february,banana,21.8,33,"15,340",2023
Chennai,march,banana,24.1,33,"15,340",2023
Chennai,april,banana,26.5,33,"15,340",2023
Chennai,may,banana,27.5,33,"15,340",2023
Chennai,june,banana,27,33,"15,340",2023
Chennai,july,banana,26,33,"15,340",2023
Chennai,august,banana,25.4,33,"15,340",2023
Chennai,september,banana,25.1,33,"15,340",2023
Chennai,october,banana,24.4,19,"15,340",2023
Chennai,november,banana,23,30,"15,340",2023
Chennai,december,banana,21.5,29,"15,340",2023
Chennai,january,groundnut,25,63.56,"3,195.84",2023
Chennai,february,groundnut,21.8,63.56,"3,195.84",2023
Chennai,march,groundnut,24.1,63.56,"3,195.84",2023
Chennai,april,groundnut,26.5,67.5,"3,195.84",2023
Chennai,may,groundnut,27.5,67.5,"3,195.84",2023
Chennai,june,groundnut,27,67.5,"3,195.84",2023
Chennai,july,groundnut,26,67.5,"3,195.84",2023
Chennai,august,groundnut,25.4,67.5,"3,195.84",2023
Chennai,september,groundnut,25.1,67.5,"3,195.84",2023
Chennai,october,groundnut,24.4,67.5,"3,195.84",2023
Chennai,november,groundnut,23,67.5,"3,195.84",2023
Chennai,december,groundnut,21.5,63.56,"3,195.84",2023
Chennai,january,sugarcane,25,26.5,"28,762.50",2023
Chennai,february,sugarcane,21.8,26.5,"28,762.50",2023
Chennai,march,sugarcane,24.1,26.5,"28,762.50",2023
Chennai,april,sugarcane,26.5,26.5,"28,762.50",2023
Chennai,may,sugarcane,27.5,26.5,"28,762.50",2023
Chennai,june,sugarcane,27,26.5,"28,762.50",2023
Chennai,july,sugarcane,26,26.5,"28,762.50",2023
Chennai,august,sugarcane,25.4,26.5,"28,762.50",2023
Chennai,september,sugarcane,25.1,26.5,"28,762.50",2023
Chennai,october,sugarcane,24.4,26.5,"28,762.50",2023
Chennai,november,sugarcane,23,26.5,"28,762.50",2023
Chennai,december,sugarcane,21.5,26.5,"28,762.50",2023
Chennai,january,coconut,25,18,"62,318.75",2023
Chennai,february,coconut,21.8,18,"62,318.75",2023
Chennai,march,coconut,24.1,18,"62,318.75",2023
Chennai,april,coconut,26.5,18,"62,318.75",2023
Chennai,may,coconut,27.5,18,"62,318.75",2023
Chennai,june,coconut,27,18,"62,318.75",2023
Chennai,july,coconut,26,18,"62,318.75",2023
Chennai,august,coconut,25.4,18,"62,318.75",2023
Chennai,september,coconut,25.1,18,"62,318.75",2023
Chennai,october,coconut,24.4,18,"62,318.75",2023
Chennai,november,coconut,23,18,"62,318.75",2023
Chennai,december,coconut,21.5,18,"62,318.75",2023
Chennai,january,cotton,25,47.5,"2,556.66",2023
Chennai,february,cotton,21.8,47.5,"2,556.66",2023
Chennai,march,cotton,24.1,47.5,"2,556.66",2023
Chennai,april,cotton,26.5,47.5,"2,556.66",2023
Chennai,may,cotton,27.5,47.5,"2,556.66",2023
Chennai,june,cotton,27,47.5,"2,556.66",2023
Chennai,july,cotton,26,47.5,"2,556.66",2023
Chennai,august,cotton,25.4,47.5,"2,556.66",2023
Chennai,september,cotton,25.1,47.5,"2,556.66",2023
Chennai,october,cotton,24.4,47.5,"2,556.66",2023
Chennai,november,cotton,23,47.5,"2,556.66",2023
Chennai,december,cotton,21.5,47.5,"2,556.66",2023
Chennai,january,Rice,26.25,59.74,"82,246.00",2024
Chennai,february,Rice,22.89,61.800000000000004,"82,246.00",2024
Chennai,march,Rice,25.305000000000003,60.77,"82,246.00",2024
Chennai,april,Rice,27.825000000000003,60.77,"82,246.00",2024
Chennai,may,Rice,28.875,62.83,"82,246.00",2024
Chennai,june,Rice,28.35,62.83,"82,246.00",2024
Chennai,july,Rice,27.3,64.89,"82,246.00",2024
Chennai,august,Rice,26.669999999999998,64.89,"82,246.00",2024
Chennai,september,Rice,26.355000000000004,63.86,"82,246.00",2024
Chennai,october,Rice,25.62,64.89,"82,246.00",2024
Chennai,november,Rice,24.150000000000002,63.86,"82,246.00",2024
Chennai,december,Rice,22.575,64.89,"82,246.00",2024
Chennai,january,wheat,26.25,33.99,"15,646.80",2024
Chennai,february,wheat,22.89,33.99,"15,646.80",2024
Chennai,march,wheat,25.305000000000003,33.99,"15,646.80",2024
Chennai,april,wheat,27.825000000000003,33.99,"15,646.80",2024
Chennai,may,wheat,28.875,33.99,"15,646.80",2024
Chennai,june,wheat,28.35,33.99,"15,646.80",2024
Chennai,july,wheat,27.3,33.99,"15,646.80",2024
Chennai,august,wheat,26.669999999999998,33.99,"15,646.80",2024
Chennai,september,wheat,26.355000000000004,44.29,"15,646.80",2024
Chennai,october,wheat,25.62,33.99,"15,646.80",2024
Chennai,november,wheat,24.150000000000002,33.99,"15,646.80",2024
Chennai,december,wheat,22.575,33.99,"15,646.80",2024
Chennai,january,tomato,26.25,23.69,"15,646.80",2024
Chennai,february,tomato,22.89,35.02,"15,646.80",2024
Chennai,march,tomato,25.305000000000003,22.66,"15,646.80",2024
Chennai,april,tomato,27.825000000000003,27.810000000000002,"15,646.80",2024
Chennai,may,tomato,28.875,33.99,"15,646.80",2024
Chennai,june,tomato,28.35,56.65,"15,646.80",2024
Chennai,july,tomato,27.3,180.25,"15,646.80",2024
Chennai,august,tomato,26.669999999999998,128.75,"15,646.80",2024
Chennai,september,tomato,26.355000000000004,23.69,"15,646.80",2024
Chennai,october,tomato,25.62,27.810000000000002,"15,646.80",2024
Chennai,november,tomato,24.150000000000002,53.56,"15,646.80",2024
Chennai,december,tomato,22.575,33.99,"15,646.80",2024
Chennai,january,onion,26.25,23.69,"13,039.01",2024
Chennai,february,onion,22.89,27.810000000000002,"13,039.01",2024
Chennai,march,onion,25.305000000000003,23.69,"13,039.01",2024
Chennai,april,onion,27.825000000000003,17.51,"13,039.01",2024
Chennai,may,onion,28.875,17.51,"13,039.01",2024
Chennai,june,onion,28.35,23.69,"13,039.01",2024
Chennai,july,onion,27.3,27.810000000000002,"13,039.01",2024
Chennai,august,onion,26.669999999999998,33.99,"13,039.01",2024
Chennai,september,onion,26.355000000000004,38.11,"13,039.01",2024
Chennai,october,onion,25.62,44.29,"13,039.01",2024
Chennai,november,onion,24.150000000000002,66.95,"13,039.01",2024
Chennai,december,onion,22.575,108.15,"13,039.01",2024
Chennai,january,carrot,26.25,48.410000000000004,"5,215.61",2024
Chennai,february,carrot,22.89,48.410000000000004,"5,215.61",2024
Chennai,march,carrot,25.305000000000003,48.410000000000004,"5,215.61",2024
Chennai,april,carrot,27.825000000000003,48.410000000000004,"5,215.61",2024
Chennai,may,carrot,28.875,48.410000000000004,"5,215.61",2024
Chennai,june,carrot,28.35,48.410000000000004,"5,215.61",2024
Chennai,july,carrot,27.3,48.410000000000004,"5,215.61",2024
Chennai,august,carrot,26.669999999999998,48.410000000000004,"5,215.61",2024
Chennai,september,carrot,26.355000000000004,48.410000000000004,"5,215.61",2024
Chennai,october,carrot,25.62,48.410000000000004,"5,215.61",2024
Chennai,november,carrot,24.150000000000002,48.410000000000004,"5,215.61",2024
Chennai,december,carrot,22.575,48.410000000000004,"5,215.61",2024
Chennai,january,potato,26.25,33.99,"22,166.29",2024
Chennai,february,potato,22.89,33.99,"22,166.29",2024
Chennai,march,potato,25.305000000000003,20.6,"22,166.29",2024
Chennai,april,potato,27.825000000000003,23.69,"22,166.29",2024
Chennai,may,potato,28.875,23.69,"22,166.29",2024
Chennai,june,potato,28.35,27.810000000000002,"22,166.29",2024
Chennai,july,potato,27.3,27.810000000000002,"22,166.29",2024
Chennai,august,potato,26.669999999999998,27.810000000000002,"22,166.29",2024
Chennai,september,potato,26.355000000000004,29.87,"22,166.29",2024
Chennai,october,potato,25.62,33.99,"22,166.29",2024
Chennai,november,potato,24.150000000000002,33.99,"22,166.29",2024
Chennai,december,potato,22.575,33.99,"22,166.29",2024
Chennai,january,corriander,26.25,23.69,"1,955.85",2024
Chennai,february,corriander,22.89,23.69,"1,955.85",2024
Chennai,march,corriander,25.305000000000003,23.69,"1,955.85",2024
Chennai,april,corriander,27.825000000000003,23.69,"1,955.85",2024
Chennai,may,corriander,28.875,23.69,"1,955.85",2024
Chennai,june,corriander,28.35,23.69,"1,955.85",2024
Chennai,july,corriander,27.3,23.69,"1,955.85",2024
Chennai,august,corriander,26.669999999999998,23.69,"1,955.85",2024
Chennai,september,corriander,26.355000000000004,23.69,"1,955.85",2024
Chennai,october,corriander,25.62,23.69,"1,955.85",2024
Chennai,november,corriander,24.150000000000002,23.69,"1,955.85",2024
Chennai,december,corriander,22.575,23.69,"1,955.85",2024
Chennai,january,banana,26.25,33.99,"15,646.80",2024
Chennai,february,banana,22.89,33.99,"15,646.80",2024
Chennai,march,banana,25.305000000000003,33.99,"15,646.80",2024
Chennai,april,banana,27.825000000000003,33.99,"15,646.80",2024
Chennai,may,banana,28.875,33.99,"15,646.80",2024
Chennai,june,banana,28.35,33.99,"15,646.80",2024
Chennai,july,banana,27.3,33.99,"15,646.80",2024
Chennai,august,banana,26.669999999999998,33.99,"15,646.80",2024
Chennai,september,banana,26.355000000000004,33.99,"15,646.80",2024
Chennai,october,banana,25.62,19.57,"15,646.80",2024
Chennai,november,banana,24.150000000000002,30.900000000000002,"15,646.80",2024
Chennai,december,banana,22.575,29.87,"15,646.80",2024
Chennai,january,groundnut,26.25,65.4668,"3,259.76",2024
Chennai,february,groundnut,22.89,65.4668,"3,259.76",2024
Chennai,march,groundnut,25.305000000000003,65.4668,"3,259.76",2024
Chennai,april,groundnut,27.825000000000003,69.525,"3,259.76",2024
Chennai,may,groundnut,28.875,69.525,"3,259.76",2024
Chennai,june,groundnut,28.35,69.525,"3,259.76",2024
Chennai,july,groundnut,27.3,69.525,"3,259.76",2024
Chennai,august,groundnut,26.669999999999998,69.525,"3,259.76",2024
Chennai,september,groundnut,26.355000000000004,69.525,"3,259.76",2024
Chennai,october,groundnut,25.62,69.525,"3,259.76",2024
Chennai,november,groundnut,24.150000000000002,69.525,"3,259.76",2024
Chennai,december,groundnut,22.575,65.4668,"3,259.76",2024
Chennai,january,sugarcane,26.25,27.295,"29,337.75",2024
Chennai,february,sugarcane,22.89,27.295,"29,337.75",2024
Chennai,march,sugarcane,25.305000000000003,27.295,"29,337.75",2024
Chennai,april,sugarcane,27.825000000000003,27.295,"29,337.75",2024
Chennai,may,sugarcane,28.875,27.295,"29,337.75",2024
Chennai,june,sugarcane,28.35,27.295,"29,337.75",2024
Chennai,july,sugarcane,27.3,27.295,"29,337.75",2024
Chennai,august,sugarcane,26.669999999999998,27.295,"29,337.75",2024
Chennai,september,sugarcane,26.355000000000004,27.295,"29,337.75",2024
Chennai,october,sugarcane,25.62,27.295,"29,337.75",2024
Chennai,november,sugarcane,24.150000000000002,27.295,"29,337.75",2024
Chennai,december,sugarcane,22.575,27.295,"29,337.75",2024
Chennai,january,coconut,26.25,18.54,"63,565.12",2024
Chennai,february,coconut,22.89,18.54,"63,565.12",2024
Chennai,march,coconut,25.305000000000003,18.54,"63,565.12",2024
Chennai,april,coconut,27.825000000000003,18.54,"63,565.12",2024
Chennai,may,coconut,28.875,18.54,"63,565.12",2024
Chennai,june,coconut,28.35,18.54,"63,565.12",2024
Chennai,july,coconut,27.3,18.54,"63,565.12",2024
Chennai,august,coconut,26.669999999999998,18.54,"63,565.12",2024
Chennai,september,coconut,26.355000000000004,18.54,"63,565.12",2024
Chennai,october,coconut,25.62,18.54,"63,565.12",2024
Chennai,november,coconut,24.150000000000002,18.54,"63,565.12",2024
Chennai,december,coconut,22.575,18.54,"63,565.12",2024
Chennai,january,cotton,26.25,48.925000000000004,"2,607.79",2024
Chennai,february,cotton,22.89,48.925000000000004,"2,607.79",2024
Chennai,march,cotton,25.305000000000003,48.925000000000004,"2,607.79",2024
Chennai,april,cotton,27.825000000000003,48.925000000000004,"2,607.79",2024
Chennai,may,cotton,28.875,48.925000000000004,"2,607.79",2024
Chennai,june,cotton,28.35,48.925000000000004,"2,607.79",2024
Chennai,july,cotton,27.3,48.925000000000004,"2,607.79",2024
Chennai,august,cotton,26.669999999999998,48.925000000000004,"2,607.79",2024
Chennai,september,cotton,26.355000000000004,48.925000000000004,"2,607.79",2024
Chennai,october,cotton,25.62,48.925000000000004,"2,607.79",2024
Chennai,november,cotton,24.150000000000002,48.925000000000004,"2,607.79",2024
Chennai,december,cotton,22.575,48.925000000000004,"2,607.79",2024
